OutboundNameAddress(name=Samuel, address=878 Ajax, Ontario J7G 3S1)
OutboundNameAddress(name=Samuel, address=878 Ajax, Ontario J7G 3S1)
OutboundNameAddress(name=Samuel, address=878 Ajax, Ontario J7G 3S1)
OutboundNameAddress(name=Samuel, address=878 Ajax, Ontario J7G 3S1)
OutboundNameAddress(name=Samuel, address=878 Ajax, Ontario J7G 3S1)
OutboundNameAddress(name=Samuel, address=878 Ajax, Ontario J7G 3S1)
OutboundNameAddress(name=User6, address=878 Ajax, Ontario J7G 3S1)
OutboundNameAddress(name=User6, address=878 Ajax, Ontario J7G 3S1)
OutboundNameAddress(name=User6, address=878 Ajax, Ontario J7G 3S1)
OutboundNameAddress(name=User6, address=878 Ajax, Ontario J7G 3S1)
OutboundNameAddress(name=User6, address=878 Ajax, Ontario J7G 3S1)
OutboundNameAddress(name=User7, address=878 Ajax, Ontario J7G 3S1)
OutboundNameAddress(name=User7, address=878 Ajax, Ontario J7G 3S1)
OutboundNameAddress(name=User7, address=878 Ajax, Ontario J7G 3S1)
OutboundNameAddress(name=User7, address=878 Ajax, Ontario J7G 3S1)
OutboundNameAddress(name=User7, address=878 Ajax, Ontario J7G 3S1)
OutboundNameAddress(name=User7, address=878 Ajax, Ontario J7G 3S1)
OutboundNameAddress(name=User7, address=878 Ajax, Ontario J7G 3S1)
OutboundNameAddress(name=User7, address=878 Ajax, Ontario J7G 3S1)
OutboundNameAddress(name=User7, address=878 Ajax, Ontario J7G 3S1)
OutboundNameAddress(name=User7, address=878 Ajax, Ontario J7G 3S1)
OutboundNameAddress(name=User7, address=878 Ajax, Ontario J7G 3S1)
OutboundNameAddress(name=User7, address=878 Ajax, Ontario J7G 3S1)
OutboundNameAddress(name=User7  , address=878 Ajax, Ontario J7G 3S1)
OutboundNameAddress(name=User7  , address=878 Ajax, Ontario J7G 3S1)
OutboundNameAddress(name=User7  , address=878 Ajax, Ontario J7G 3S1)
OutboundNameAddress(name=User7  , address=878 Ajax, Ontario J7G 3S1)
OutboundNameAddress(name=User7  , address=878 Toronto, Ontario J7G 3S1)
OutboundNameAddress(name=User7  , address=878 Toronto, Ontario J7G 3S1)
OutboundNameAddress(name=User7  , address=878 Toronto, Ontario J7G 3S1)
OutboundNameAddress(name=User7  , address=878 Toronto, Ontario J7G 3S1)
OutboundNameAddress(name=User7  , address=25 Ajax, Ontario J7G 3S1)
OutboundNameAddress(name=User7  , address=25 Ajax, Ontario J7G 3S1)
OutboundNameAddress(name=User7  , address=25 Ajax, Ontario J7G 3S1)
OutboundNameAddress(name=User7  , address=25 Victoria, Ontario J7G 3S1)
OutboundNameAddress(name=User7  , address=25 Victoria, Ontario J7G 3S1)
OutboundNameAddress(name=User7  , address=27 Victoria, Ontario J7G 3S1)
